SERIAL NUMBER,PRODUCT TITLE
5324,NESCAFE CLASSIC INSTANT COFFEE JAR 200GM
5315,LIPTON YELLOW LABEL BLACK TEA 100 TEABAGS
5576,PRIYA MIXED VEGETABLE PICKLE IN OIL 300G
5577,PRIYA GINGER PICKLE IN OIL 300G
5578,TWININGS INFUSO LEMON & GINGER 50 TEABAGS
5579,PRIYA LIME PICKLE IN LIME JUICE 300G
5326,NESCAFE GOLD INSTANT COFFEE 95GM
5580,PRIYA GARLIC PICKLE IN OIL 300G
5581,PRIYA MANGO PICKLE IN OIL 300G
5582,ROYAL HERBS HIBISCUS 25 TEABAGS
5314,LIPTON YELLOW LABEL BLACK LOOSE TEA 400GM
5583,CALIFORNIA GARDEN PREMIUM PLAIN MEDAMMES FAVA BEANS 450G
5325,NESCAFE GOLD INSTANT COFFEE 190GM
5584,NAJJAR CLASSIC PURE BRAZILIAN GROUND COFFEE WITH CARDAMOM 200G
5585,ALAMEED MEDIUM TURKISH COFFEE WITHOUT CARDAMOM 250G
5586,EMIRATES MACARONI VERMICELLI 400GM
5587,EMIRATES MACARONI CORNI 400GM
5588,EMIRATES MACARONI PENNE PASTA 400GM
5589,EMIRATES MACARONI SPAGHETTI 400GM
5590,ANCHOR FULL CREAM MILK POWDER POUCH 2.25KG
5591,NESTLE COFFEE MATE ORIGINAL COFFEE CREAMER 400GM
5592,RAINBOW EVAPORATED MILK ORIGINAL 170G
5593,NESCAFE RED MUG INSTANT COFFEE 190GM
5594,AHMED FOODS MIXED PICKLE IN OIL 1KG
5595,LIPTON CAMOMILE HERBAL INFUSION TEA 20 TEABAGS
5596,BROOKE BOND RED LABEL STRONG BLACK LOOSE TEA 400GM
5597,LIPTON GREEN TEA REFRESHING MINT 100 TEABAGS
5598,RAINBOW MILK CATERING 385ML
5599,BROOKE BOND RED LABEL STRONG 100 TEA BAGS
5312,LIPTON YELLOW LABEL TEA 200 BAGS
5600,LIPTON HERBAL INFUSION LEMON & GINGER 20 BAGS
5210,SIS WHITE SUGAR 2KG
5322,NESCAFE CLASSIC 3 IN 1 COFFEE 1KG
5211,VOLGA SUGAR 2KG
5346,TAJ DETERGENT 110GM
5352,TIDE DETERGENT 120GM
5362,COLGATE PASTE 120ML
5354,TIDE DETERGENT 270GM
5351,TIDE DETERGENT ORIGINAL 1.5KG
5359,COLGATE MAXIMUM CAVITY PROTECTION PASTE 100ML
5331,FAIRY MAX PLUS DISHWASH LEMON 600ML
5332,LUX DISHWASH 725ML LEMON
5341,ARIEL DETERGENT 2.5KG
5601,ALTECO SUPERGLUE 3G
5602,"HARPIC ACTIVE FRESH WATER TOILET CLEANER RIM BLOCK, MARINE SPLASH SCENT, 2*35G"
5603,DOVE GO FRESH CUCUMBER & GREEN TEA SCENT BODY WASH 200ML
5604,NIVEA MEN PURE IMPACT 3 IN 1 250ML
5605,DOVE DEEPLY NOURISHING BODY WASH 200ML
5606,HIMALAYA FACE WASH LICORICE SAFFRON 50ML
5607,DOVE RELAXING RITUAL BODY WASH WITH LAVENDER OIL & ROSEMARY 200ML
5608,DOVE GENTLE EXFOLIATING NOURISHING BODY WASH NUTRIUM MOISTURE 200ML
5609,GILETTE 1-PIECE SHAVING BRUSH
5610,AXE EXCITE BODY DEODORANT SPRAY CRISP COCONUT AND BLACK PEPPER SCENT 150ML
5611,HARPIC ACTIVE FRESH PINE FOREST 2+1
5612,DABUR RED AYURVEDIC TOOTHPASTE 100GM
5613,PARACHUTE GOLD COCONUT AND ONION HAIR CREAM 140ML
5614,VASELINE ORIGINAL 100ML
5615,NIVEA SOFT MOISTURIZING CREAM 100ML
5616,NIVEA WATERLILY AND OIL FRESH SHOWER GEL 250ML
5617,MENS COMB
5618,AXE DEODORANT BODY SPRAY WARM AMBER FRAGRANCE 150ML
5619,NIVEA SOFT MOISTURIZING CREAM 200ML
5620,AXE DEODORANT BODY SPRAY APOLLO 150ML
5621,FAIR & LOVELY GLOW & LOVELY VITAGLOW 80GM
5622,FOGG ROYAL FRAGRANCE BODY SPRAY 120ML
5623,FOGG NAPOLEON BODY SPRAY 120ML
5624,AXE DARK TEMPTATION 150ML
5625,NIVEA MEN BLACK & WHITE 50ML
5626,TRISA GREEN TOOTHBRUSH
5627,VASELINE ORIGINAL 50ML
5628,"JACQUES BOGART ONE MAN SHOW EDT SPRAY FOR MEN, 100ML"
5629,AIR WICK AEROSOL ROSE SCENT 300ML
5630,DETTOL INSTANT COOL SOAP 120GM
5631,AODEMEI MANICURE SCISSOR
5632,SENSODYNE HERBAL MULTICARE 100GM
5633,VALENTINA BATH BALL
5634,EMAMI SMART & HANDSOME 100GM
5635,PARACHUTE GOLD CREAM COCONUT AND ROSEMARY 140ML
5636,DOVE BODY LOVE BEAUTY CREAM 150ML
5637,NESCAFE RED MUG 50X1.8GM 50 CUPS
5638,AIR WICK AEROSOL ROSE SCENT 250ML
5639,AIR WICK AEROSOL SPARKLING CITRUS 250ML
5640,VATIKA OLIVE & HENNA SHAMPOO 200ML
5641,NIVEA BODY LOTION ALOE & HYDRATION 5 IN 1 250ML
5642,MYSORE SANDAL SOAP 150GM
5643,FOGG ABSOLUTE FRAGRANCE BODY SPRAY 120ML
5644,GILETTE SHAVE GEL CHARCOAL 200ML
5645,COLGATE MEDIUM DOUBLE ACTION TOOTHBRUSH
5646,LIFEBUOY MILDCARE HANDWASH WITH MULTIVITAMINS 180ML
5647,FOGG DYNAMIC FRAGRANCE 120ML
5648,AIR WICK AEROSOL CHERRY BLOSSOM 250ML
5649,FOGG PARADISE FRAGRANCE FOR WOMEN 120ML
5650,AIR WICK AEROSOL JASMINE 300ML
5651,LIFEBUOY MILDCARE HANDWASH 500ML
5652,NIVEA FACEWASH NATURAL GLOW 100ML
5653,LIFEBUOY WITH MULTIVITAMINS TOTAL 10 HANDWASH 180ML
5654,AIR WICK AEROSOL VANILLA 250ML
5655,LUX GELSOMINO EFFETTO SETA SHOWER GEL 500ML
5656,CLOSE UP RED 120ML
5657,GILLETTE LEMON SHAVING FOAM 200ML
5658,VATIKA ALMOND HAIR OIL 200ML
5659,DOVE POMEGRANATE BODY WASH 200ML
5660,SENSODYNE EXTRA FRESH 75ML
5661,NIVEA BODY LOTION 5 IN 1 250ML
5662,HIMALAYA ANTI DANDRUFF HAIR CREAM TEA TREE
5663,NIVEA MEN DRY IMPACT 50ML
5665,FOGG VICTOR FRAGRANCE BODY SPRAY 120ML
5666,NAIL CUTTER
5667,SEA PEARL COTTON 100PCS
5668,AXE DEODORANT ADRENALINE 150ML
5669,STARBUCKS BLONDE ESPRESSO ROAST 636GM
5670,AVANA LIGHTER 50PCS
5671,BROOKE BOND RED LABEL LOOSE BLACK TEA 5KG
5675,DETTOL LEMON SQUEEZE POWER ALL PURPOSE CLEANER 500ML
5677,COLGATE PLAX PEPPERMINT 500ML
5679,CROWN FURNITURE POLISH ORANGE ZEST 300ML
5681,HIMALAYA FACE WASH LICORICE SAFFRON 150ML
5683,CROWN FURNITURE POLISH LEMON ZEST 300ML
5685,NIVEA MEN DEEP DARKWOOD 150ML
5687,NIVEA BODY LOTION COCOA NOURISH 250ML
5689,MAGIC MACTOL GLASS CLEANER 650ML
5691,HIMALAYA DETOXIFYING CHARCOAL FACE WASH 50ML
5693,HIMALAYA MOISTURIZING ALOE VERA FACE WASH 150ML
5695,ENCHANTEUR PERFUMED TALC CHARMING 125G
5697,HIMALAYA PURIFYING NEEM FACE WASH 50ML
5699,GILETTE BLUE 2 10PCS
5701,EMAMI SMART & HANDSOME 50G
5703,GILETTE MACH 3+ RAZOR BLADES PACK 3PCS
5705,GILETTE MACH 3+ RAZOR BLADES WITH HANDLE
5707,GILETTE BLUE 2 5PCS
5709,WE FRESH HEAVY DUTY BIO DEGRADABLE GARBAGE BAGS 30PCS 54X60CM
5711,FALCON PLASTIC SPOON HEAVY DUTY 50PCS
5713,FALCON PLASTIC FORK HEAVY DUTY 50PCS
5715,PEPSODENT TOOTHPASTE 150G WITH TOOTHBRUSH PACK
5717,COMB
5719,SIGNAL CAVITY FIGHTER 182G 120ML
5721,MASAFI PURE SOFT CARE 150 X 2 PLY WHITE TISSUES
5723,FALCON DISPOSABLE CUTLERY PLASTIC FORKS 50PCS
5725,WINDEX STREAK FEE SHINE ORIGINAL 750ML
5727,HARPIC ORIGINAL 100% LIMESCALE REMOVER 750ML
5729,PALMOLIVE NATURALS SOAP WITH CITRUS EXTRACT & CREAM 170G
5731,PALMOLIVE NATURALS SOAP HERBAL EXTRACTS 170G
5291,PALMOLIVE NATURALS SOAP TENDER SENSATION 170G
5293,CROWN SWEET LEMON 300ML AIR FRESHNER
5295,CROWN STRAWBERRIES & BERRIES 300ML AIR FRESHNER
5297,GLADE JASMINE AIR FRESHNER 300ML
5299,CROWN JASMINE 300ML AIR FRESHNER
5301,PIF PAF MOSQUITO & FLY KILLER 400ML
5303,CROWN AIR FRESHNER ROSE 300ML
5305,PLEDGE FURNITURE POLISH ORIGINAL 300ML
5307,JIF CREAM LEMON DISHWASHER 500ML
5309,CROWN LAVENDER & ORCHID 300ML
5672,PIF PAF COCKROACH & ANT KILLER 400ML
5676,DIAMOND ALUMINIUM FOIL 37.5 SQ.FT
5680,GLADE BLOOMING PEONY & CHERRY 300ML
5684,GLADE LAVENDER 300ML
5688,DETTOL ANTI BACTERIAL BAR SOAP 110G
5692,DOWNY VALLEY DEW 1L
5696,GLADE ROSE AIR FRESHNER
5700,PALMOLIVE NATURALS STRAWBERRY JUICE AND YOGURT SOAP
5704,DETTOL FLOOR CLEANER LAVENDER 3L
5708,CLOROX BLEACH 3.78L
5712,COMFORT SPRING DEW 4L FABRIC SOFTENER
5716,COMFORT FLORA SOFT 2L FABRIC SOFTENER
5720,COMFORT SPRING DEW 2L FABRIC SOFTENER
5724,LONDON BREEZE FLEYNA AIR FRESHNER ROSE 300ML
5728,FINISH POWERBALL QUANTUM ALL IN 1 LEMON SPARKLE 936G
5732,OMO ACTIVE 2.25KG WASHING POWDER
5734,LONDON BREEZE S CODE AIR FRESHNER 300ML
5736,MOTHER'S MAID BLUEBERRY FILLING OR TOPPING 595G
5738,BARILLA FETTUCINE COLLEZIONE 500G
5740,ALSHIFA NATURAL FLORAL HONEY 500G
5742,LIPTON PEACH ICE TEA 320ML
5744,GOLDEN ZAATAR 25 BAGS
5746,RANI FLOAT MANGO 180ML
5748,SCHWEPPES PREMIUM MIXER TONIC WATER 300ML
5750,KITCHEN CROWN PINEAPPLE CULINARY ESSENCE 28ML
5752,KITCHEN CROWN VANILLA CULINARY ESSENCE 28ML
5754,ALAMEERA HALAWA WITH PISTACHIO 400G
5756,MAMA'S KITCHEN BANANA FLAVOURING ESSENCE 28ML
5758,BAVARIA SMALT ORIGINAL 330 ML
5760,NESTLE CREAM 160G
5762,MOTHER'S MAID CHERRY FILLING OR TOPPING 595G
5764,FOSTER CLARK'S VANILLA CULINARY ESSENCE 28ML
5766,MAMA'S KITCHEN GREEN FOOD COLOURING 28ML
5768,OREO ORIGINAL 4X
5770,SOHAR CHIPS 15G
5772,BAYARA THYME 15G
5774,RIO MARE LIGHT MEAT TUNA IN OLIVE OIL
5776,OMAN CHIPS 15G
5778,THE ORIGINAL HP SAUCE 220ML
5780,BEST SALTED PISTACHOS 105G
5782,HEINZ APPLE CIDER VINEGAR 946ML
5292,FRITZBERG NON ALCOHOLIC MALT DRINK 300ML
5296,PRIYA GULAB JAMUN SWEET MIX 200G
5300,LE SUPREME MUSHROOMS PIECES & STEMS 400G
5304,BEST SALTED MIXED NUTS 100G
5308,BEST SALTED CASHEWS 100G
5674,MOTHER'S MAID STRAWBERRY FILLING OR TOPPING 595G
5682,VITAENE C 240ML
5690,POWER HORSE ENERGY 250ML
5698,ZAHRAT SAFA CHILLI KETCHUP 340G
5706,EASTERN MADRAS CURRY POWDER 200G
5714,AMERICAN SELECT MANGO JAM 350G
5722,ROYAL ARM OYSTER SAUCE 710G
5730,NUTELLA HAZELNUT SPREAD WITH COCOA 350G
5735,RED RUSH POWER HORSE 4PACK 250ML
5739,BAYARA ALMONDS MEDIUM 1 KG
5743,RIYA GOLD PEANUT BUTTER 340G
5747,RITZ CRACKERS ORIGINAL 12X3.96G
5751,LOACKER CLASSIC CREMKAKAO 25X45G
5755,ALAMEERA PLAIN HALAWA 400G
5759,MCVITIES DIGESTIVE DARK CHOCOLATE 250G
5763,AMERICAN FRESH FIESTA IN SYRUP 850G
5767,YAMAMA ROSE SYRUP 750ML
5771,YAMAMA GRENADINE MOLASSES 750ML
5775,RAHMA REFINED OLIVE POMACE OIL WITH EXTRA VIRGIN OLIVE OIL 4L
5779,BERTINI BLENDS OF REFINED OILS & SPANISH EXTRA VIRGIN OLIVE OIL 5L
5783,RIYA GOLD NATURAL HONEY 3KG
5785,YAMAMA JALLAB SYRUP 750ML
5787,TANG MANGO 2KG
5789,TANG ORANGE 2KG
5791,REAL VALUE WHITE VINEGAR 3.78LT
5793,PRINGLES KETCHUP 165G
5795,PRINGLES ORIGINAL 165G
5797,PRINGLES SALT & VINEGAR 40G
5799,PRINGLES HOT & SPICY 165G
5801,PRINGLES BARBEQUE 165G
5803,PRINGLES SOUR CREAM & ONION 40G
5805,PRINGLES BARBEQUE 40G
5807,PRINGLES KETCHUP 40G
5809,PRINGLES ORIGINAL 40G
5811,TIFFANY CREAMS CHOCOLATE BISCUITS 80G
5813,BRITTANIA GOOD DAY PISTACHIO ALMOND 72G
5815,TIFFANY CREAMS MANGO BISCUITS 80G
5817,BRITTANIA GOOD DAY CASHEW COOKIES 72G
5819,BIKANO ALOO BHUJIA 400G
5821,HALDIRAM'S ALL IN ONE 200G
5823,HALDIRAM'S KHATTA MEETHA 200G
5825,HALDIRAM'S KASHMIRI MIXTURE 200G
5827,HALDIRAM'S NAVRATTAN 200G
5829,HALDIRAM'S MOONG DAL 200G
5831,HAMDARD ROOH AFZA
5833,FRUIT CORDIAL VIMTO 710ML
5193,CITY BIRD GOLD RICE 10KG
5198,GAUTAM RICE 5KG
5201,LUCKY GOLD RICE 5KG
5199,LUCKY GOLD RICE 9KG
5202,MUMTAZ RICE 5KG
5212,VOLGA SUGAR 1KG
5213,VOLGA SUGAR  5KG
5214,VOLGA SUGAR  10KG
5220,AZZURRO SALT BOTTLE 700GM
5221,AZZURRO SALT  1KG
5222,VOLGA SALT  1KG
5223,NEZO SALT RED BOTTLE 600GM
5224,NEZO SALT BLUE BOTTLE 600GM
5225,NEZO SALT RED  1KG
5226,NEZO SALT BLUE 1KG
5227,CORAL SALT 1KG
5228,CORAL SALT 700GM
5229,AL AIN MILK LONG LIFE 1 LTR
5235,NADEC MILK LONG LIFE 1 LTR
5236,LACNOR FULL CREAM 1 LTR
FF(1),AL MARAI MILK FULL FAT 1LTR
5233,AL AIN MILK FRESH FULL CREAM 2 LTR
5231,AL AIN MILK FRESH FULL CREAM 500ML
5243,AL MARAI MILK FRESH FULL FAT 2 LTR
5244,AL MARAI MILK FRESH FULL FAT 500 ML
5248,HAYATNA MILK FRESH 4 LTR
5246,HAYATNA MILK FRESH 1 LTR
5262,UNIKAI MILK LONG LIFE 1 LTR
5253,NESTLE NIDO MILK POWDER TIN 1.95KG
5252,NESTLE NIDO MILK POWDER 1.8KG
5251,LUCKY MILK POWDER 2.5KG
5250,LUCKY MILK POWDER 400GM
5261,SAFA MILK POWDER 900GM
5260,SAFA MILK POWDER  400 GM
5241,ALHAMRA MILK EVEPORATED 410 GM
5237,AL HAMRA EVEPORATED MILK 170ML
5239,AL MUDHISH MILK EVEPORATED 170ML
5240,AL MUDISH MILK POWDER  250GM
5269,NOOR SUNFLOWER OIL 1.5 LTR
5275,SHUROOQ COOKING OIL  1.5 LTR
5271,SUNLIGHT COOKING OIL 1.5 LTR
5273,HAYAT COOKING OIL 1.5 LTR
5270,SUNFLOW SUNFLOWER OIL  1.5 LTR
5277,SUNNY COOKING OIL  1.5 LTR
5328,NESCAFE RED MUG 190GM
5327,NESCAFE RED MUG 100GM
5471,LORD  CAFFE TURKISH COFFEE  MEDIUM ROAST ORIGINAL 250GM 
5294,LORD  CAFFE TURKISH COFFEE  MEDIUM ROAST CARDOMOM 250GM 
5298,EASTERN CHUKKU KAPPI 150GM
5302,LIPTON YELLOW LABEL TEA POWDER  800GM
5306,LIPTON TEA POWDER 200GM
5310,ALOKOZAY BLACK TEA 100BAG
5678,AL KABOOS TEA POWDER 454GM
5686,ALOKOZAY TEA GREEN 100BAG
5694,AL KABOOS TEA POWDER 227GM
5702,BROOKE BOND RED LABEL STRONG 200GM
5710,BROOKE BOND RED LABEL STRONG 800GM
5718,LIPTON TEA YELLOW LABEL 25 TEA BAGS
5726,SHAN MANGO PICKLE 1KG
5733,AHMED MIXED PICKLE 1KG
5737,AHMED MANGO PICKLE 1KG
5741,NATIONAL MANGO PICKLE 1KG
5745,NATIONAL MIX PICKLE 1KG
5749,SUDZ detergent comfort wash 3kg
5753,UJALA DETERGENT 2.5KG
5757,BAHAR DETERGENT 1.5KG
5761,TAJ DETERGENT 2.5KG
5765,TIDE DETERGENT 2.5KG
5769,TAJ DETERGENT 1.5KG
5773,TAJ DETERGENT 750GM
5777,TAJ DETERGENT 260GM
5781,ARIEL DETERGENT 1.5KG
5784,FENA DETERGENT 1KG
5786,ARIEL DETERGENT 260GM
5788,ARIEL DETERGENT 110GM
5790,TAJ DISHWASH 1 LTR lemon
5792,TAJ DISHWASH 500ML lemon zest
5794,TAJ DISHWASH LEMON 900ML
5796,TAJ DISHWASH LEMON 400ML
5798,DETTOL HANDWASH 200ML
5800,FAIRY DISHWASH 400ML LEMON
FF(2),SENSODYNE EXTRA FRESH 50ML
5804,HEAD & SHOULDER ANTI DANDRUFF SHAMPOO 400ML
5806,DOVE NOURISHING OIL CARE SHAMPOO 350ML
5808,VATIKA SHAMPOO 200ML
5810,LOREAL ELVIVE HYALURON CONDITIONER 360ML
5812,COLGATE MAX FRESH PASTE 100ML
5814,COLGATE MAX WHITE PASTE 100ML
5816,COLGATE FRESH CONFIDENCE MINT PASTE 125ML
5818,COLGATE ADVANCED WHITE PASTE 100ML
5820,COLGATE OPTIC WHITE CHARCOAL PASTE 75ML
5822,COLGATE OPTIC WHITE LASTING WHITE PASTE 75ML
5824,COLGATE FRESH CONFIDENCE XTREME RED PASTE 125ML
5826,COLGATE FRESH CONFIDENCE XTREME RED PASTE 75ML
5828,SENSODYNE COOL MINT 75ML
5830,SENSODYNE DAILY CARE 75ML
5832,SUNSILK STRENGTH & SHINE SHAMPOO 400ML
5834,SUNSILK STRENGTH & SHINE SHAMPOO 200ML
5835,DOVE DAILY CARE SHAMPOO 400ML
5836,DOVE DAILY CARE SHAMPOO 200ML
5837,PANTENE PRO V ANTI HAIR FALL 190ML
5838,PANTENE PRO V SMOOTH & SILKY 190ML
5839,DOVE HAIR FALL RESCUE SHAMPOO 200ML
5840,HIMALAYA ANTI HAIR FALL 200ML CASTOR CAFFIENE
5380,HIMALAYA SMOOTH & SILKY MOISTURIZING SHAMPOO AVOCADO 200ML
5311,HIMALAYA REPAIR & REGENERATE SHAMPOO ARGAN OIL 400ML
5841,HIMALAYA ANTI-DANDRUFF TEA TREE + ROSEMARY 400ML
5842,HIMALAYA SOFTNESS & SHINE 2 IN 1 OLIVE OIL SHAMPOO 400ML
5843,HIMALAYA ANTI HAIRFALL SHAMPOO CASTOR + CAFFIENE 400ML
5846,DOVE HAIRFALL RESCUE SHAMPOO 400ML
5847,PANTENE PRO-V MILKY DAMAGE REPAIR SHAMPOO 400ML
5848,SUNSILK SOFT & SMOOTH SHAMPOO ARGAN OIL & VITAMIN C 350ML
5849,SUNSILK SOFT & SMOOTH SHAMPOO ARGAN OIL & VITAMIN C 200ML
5850,L'OREAL ELVIVE EXTRAORDINARY OIL NOURISHING CONDITIONER 360ML
5851,L'OREAL ELVIVE EXTRAORDINARY OIL NOURISHING SHAMPOO 400ML
5852,L'OREAL ELVIVE DREAM LONG RESTORING SHAMPOO 400ML
5853,VATIKA REPAIR & RESTORE SHAMPOO HONEY & EGG 400ML
5854,VATIKA HAIRFALL CONTROL SHAMPOO CACTUS & GERGIR 400ML
5855,VATIKA DANDRUFF GUARD SHAMPOO LEMON & YOGHURT 200ML
5856,VATIKA VOLUME & THICKNESS SHAMPOO COCONUT & CASTOR 200ML
5857,VATIKA VOLUME & THICKNESS SHAMPOO COCONUT & CASTOR 400ML
5858,VATIKA NOURISH & PROTECT SHAMPOO OLIVE & HENNA 400ML
5859,VATIKA MOISTURE TREATMENT SHAMPOO ALMOND & HONEY 400ML
5860,VATIKA MOISTURE TREATMENT SHAMPOO ALMOND & HONEY 200ML
5861,VATIKA DANDRUFF GUARD SHAMPOO LEMON & YOGHURT 400ML
5862,VATIKA REPAIR & RESTORE SHAMPOO HONEY & EGG 200ML
5863,HEAD & SHOULDERS OXYGENATED CHARCOAL DETOX 400ML
5864,L'OREAL ELVIVE DREAM LONG RESTORING SHAMPOO 200ML
5865,DOVE COLOR PROTECT SHAMPOO 400ML
5866,PANTENE PRO V ANTI HAIR FALL 400ML
5867,CLEAR WOMEN SOFT & SHINY 400ML
5868,CLEAR MEN ANTI DANDRUFF HERBAL FUSION 2 IN 1 SHAMPOO & CONDITIONER 400ML
5869,CLEAR MEN 3 IN 1 ACTIVE FRESH HAIR FACE BODY 400ML
5870,CLEAR MEN 3 IN 1 ACTIVE COOL HAIR FACE BODY 400ML
5871,CLEAR MEN ANTI DANDRUFF 2 IN 1 SHAMPOO AND CONDITIONER 400ML
5872,CLEAR MEN ANTI DANDRUFF HAIRFALL DEFENSE SHAMPOO 400ML
5873,CLEAR MEN ANTI DANDRUFF SHOWER FRESH SHAMPOO 400ML
5874,HEAD & SHOULDERS ANTI DANDRUFF SHAMPOO -5 DEGREE ICE FRESH 400ML
5875,HEAD & SHOULDERS ANTI DANDRUFF SHAMPOO DRY SCALP CARE WITH ALMOND OIL 400ML
5876,HEAD & SHOULDERS ANTI DANDRUFF SHAMPOO TOTAL CARE 400ML
5877,HEAD & SHOULDERS ANTI DANDRUFF SHAMPOO CITRUS FRESH 390ML
5880,HEAD & SHOULDERS DAILY CLEAN 400ML
5881,CLEAR MEN 3 IN 1 ACTIVE CLEAN 400ML
5882,CLEAR MEN ANTI DANDRUFF SHOWER FRESH 200ML
5883,CLEAR MEN ANTI DANDRUFF SHAMPOO HERBAL FUSION 2 IN 1 SHAMPOO AND CONDITIONER 200ML
5884,CLEAR MEN ANTI DANDRUFF SHAMPOO STYLE EXPRESS 2 IN 1 SHAMPOO AND CONDITIONER 200ML
5885,CLEAR MEN ANTI DANDRUFF SHAMPOO DEEP CLEANSE 200ML
5886,CLEAR MEN ANTI DANDRUFF SHAMPOO COOL SPORT MENTHOL 200ML
5887,HEAD & SHOULDERS ANTI DANDRUFF SHAMPOO MENTHOL FRESH 190ML
5888,HIMALAYA SMOOTH & SILKY MOISTURIZING SHAMPOO AVOCADO 400ML
5889,CLEAR WOMEN SOFT & SHINY 2 IN 1 SHAMPOO AND CONDITIONER 200ML
5890,PANTENE PRO V DAILY CARE 2 IN 1 SHAMPOO 400ML
5891,PANTENE PRO V DAILY CARE 2 IN 1 SHAMPOO 190ML
5892,PANTENE PRO V SMOOTH & SILKY 400ML
5893,DOVE NOURISHING OIL CARE SHAMPOO 200ML
5894,HIMALAYA SOFTNESS & SHINE 2 IN 1 OLIVE OIL SHAMPOO 200ML
5895,SUNSILK STUNNING BLACK SHINE ACTIV INFUSION SHAMPOO 200ML
5896,SUNSILK STUNNING BLACK SHINE ACTIV INFUSION SHAMPOO 400ML
5897,L'OREAL ELVIVE HYAULURON MOISTURE SHAMPOO 200ML
5898,TRICHUP HERBAL SHAMPOO 200ML WITH CONDITIONERS
5899,JOHNSON'S BABY SHAMPOO 300ML
5900,JOHNSON'S BABY SHAMPOO 200ML
5901,COLGATE MAX FRESH 100ML
5902,COLGATE MAXIMUM CAVITY PROTECTION 150ML
5903,COLGATE HERBAL HEALTHY GUMS 125ML
5904,COLGATE ACTIVE SALT 100ML
5905,COLGATE MAXIMUM CAVITY PROTECTION 50ML
5906,COLGATE MAXIMUM CAVITY PROTECTION 75ML
5907,COLGATE MAXIMUM CAVITY PROTECTION 100ML
FF(3),sensodyne extra fresh 75ml
5909,SENSODYNE MULTI CARE + WHITENING 75ML
5910,SENSODYNE MULTI CARE + WHITENING 50ML
5911,DABUR RED TOOTHPASTE + BRUSH 200G
5912,OREO VALUE PACK 12G X 36.8 PACKETS
5913,BELVITA KLEIJA WITH CARDAMOM FLAVOUR 56G X 8 PACKETS
5914,BELVITA BRAN 56 X 8G
5915,BATOOK BANANA 10 STICKS
5916,BATOOK SPECIAL MINT 10 STICKS
5917,BATOOK ORANGE 10 STICKS
5918,BATOOK CARDAMOM 10 STICKS
5919,BATOOK STRAWBERRY 10 STICKS
5920,JAM-E-SHIRIN 800ML
5921,DAILY FRESH DELICIOUS PINEAPPLE INSTANT FLAVOURED DRINK POWDER 2KG
5922,DAILY FRESH DELICIOUS MANGO INSTANT FLAVOURED DRINK POWDER 2KG
5923,DAILY FRESH DELICIOUS TROPICAL INSTANT FLAVOURED DRINK POWDER 2KG
5924,DAILY FRESH DELICIOUS ORANGE INSTANT FLAVOURED DRINK POWDER 2KG
5925,TANG MANGO FLAVORED POWDER DRINK 375G
5926,TANG ORANGE FLAVORED POWDER DRINK 375G
5927,TANG PINEAPPLE FLAVORED POWDER DRINK 375G
5928,TANG ORANGE FLAVORED POWDER DRINK 1KG
5929,TANG MANGO FLAVORED POWDER DRINK 1KG
5930,REIHAN MIXED FRUITS FLAVORED ARTIFICAL DRINK POWDER 900G
5931,REIHAN PINEAPPLE FLAVORED ARTIFICAL DRINK POWDER 900G
5932,REIHAN MANGO FLAVORED ARTIFICAL DRINK POWDER 900G
5933,REIHAN ORANGE FLAVORED ARTIFICAL DRINK POWDER 900G
5934,FANTA STRAWBERRY 330ML
5935,THUMS UP 330ML
5936,FANTA CITRUS 330ML
5937,FANTA ORANGE 330ML
5938,SPRITE 330ML
5939,COCA COLA ORIGINAL 330ML
5940,ALMARAI MIXED FRUIT NO ADDED SUGAR + NECTAR 300ML
5941,ALMARAI ORANGE NO ADDED SUGAR 300ML
5942,ALMARAI FAVOURED LABAN STRAWBERRY 340ML
5943,ALMARAI FRESH LABAN 360ML
5944,ALMARAI STRAWBERRY FLAVOURED MILK 225ML
5945,ALMARAI ALPHONSO MANGO FLAVOURED MILK 225ML
5946,ALMARAI SALTED CARAMEL FLAVOURED MILK 225ML
5947,ALMARAI ALPHONSO MANGO FLAVOURED MILK 360ML
5948,ALMARAI PROTEIN MILK FAT FREE NO ADDED SUGAR VANILLA 34G PROTEIN 400ML
5949,ALMARAI DOUBLE CHOCOLATE MILK 360ML
5950,DORITOS SWEET CHILLI PEPPER 195G
5951,LAYS FAMIN HOT 170G
5952,LAYS MAXX MEXICAN CHILI 160G
5953,TIFFANY FINNS SCORCHIN HOT 85G
FF(4),CHEETOS FLAMIN HOT 
5954,TIFFANY FINNS LOUISIANA CHILLI 85G
5955,TIFFANY FINNS SLIGHTLY SALTED 85G
5956,TIFFANY FINNS CREAMY CHEDDAR 85G
5957,TIFFANY FINNS SCORCHIN HOT 170G
5958,TIFFANY FINNS LOUISIANA CHILLI 170G
5495,RAINBOW FULL CREAM MILK POWDER 2.5KG